Protocol,Source Address,Source Port,Destination Address,Destination Port,Packet Time,Payload Hex,Note
TCP,192.168.1.4,52492,157.240.13.9,443,2021-Nov-24 23:39:57,17:03:03:00:18:16:71:1e:1c:1a:97:5f:86:ee:b4:bd:07:13:24:d8:5b:f6:84:68:48:19:7a:78:4d
TCP,157.240.13.9,443,192.168.1.4,52492,2021-Nov-24 23:39:58,
TCP,157.240.13.9,443,192.168.1.4,52492,2021-Nov-24 23:39:58,17:03:03:00:14:e2:90:9d:c9:da:24:42:45:8c:6b:f8:27:ec:0c:39:6d:db:d1:77:03
TCP,192.168.1.4,52492,157.240.13.9,443,2021-Nov-24 23:39:58,
TCP,192.168.1.4,52445,157.240.13.9,443,2021-Nov-24 23:39:58,17:03:03:00:18:9e:09:eb:46:c2:00:73:6a:b4:66:44:fe:55:c3:49:e2:8f:95:22:6a:b1:eb:5e:43
TCP,157.240.13.9,443,192.168.1.4,52445,2021-Nov-24 23:39:59,
TCP,157.240.13.9,443,192.168.1.4,52445,2021-Nov-24 23:39:59,17:03:03:00:14:37:b1:14:45:6a:cb:da:a1:ed:b6:77:26:13:80:32:83:38:4b:96:b2
TCP,192.168.1.4,52445,157.240.13.9,443,2021-Nov-24 23:39:59,
TCP,192.168.1.4,52449,157.240.13.9,443,2021-Nov-24 23:39:59,17:03:03:00:18:8c:6b:4e:c5:21:d7:67:6d:b7:9e:99:8c:92:17:11:6a:6b:34:6f:ab:8e:75:38:63
TCP,157.240.13.9,443,192.168.1.4,52449,2021-Nov-24 23:40:00,
TCP,157.240.13.9,443,192.168.1.4,52449,2021-Nov-24 23:40:00,17:03:03:00:14:5e:f7:e6:83:af:2c:11:9e:c4:6d:f9:16:cb:cb:02:b7:2b:f5:f7:0d
TCP,192.168.1.4,52449,157.240.13.9,443,2021-Nov-24 23:40:00,
TCP,192.168.1.4,52490,157.240.13.9,443,2021-Nov-24 23:40:00,17:03:03:00:18:6f:ea:b1:d5:35:0d:f7:7d:dc:5d:92:5e:cc:4f:f3:b6:78:b1:4d:bd:09:52:5e:3a
TCP,157.240.13.9,443,192.168.1.4,52490,2021-Nov-24 23:40:01,
TCP,157.240.13.9,443,192.168.1.4,52490,2021-Nov-24 23:40:01,17:03:03:00:14:a6:89:e2:86:d8:8e:df:d6:b1:c1:35:14:9d:fb:24:37:a9:cb:52:a6
TCP,192.168.1.4,52490,157.240.13.9,443,2021-Nov-24 23:40:01,
TCP,192.168.1.4,52487,157.240.13.9,443,2021-Nov-24 23:40:01,17:03:03:00:18:21:73:1c:ed:23:75:c4:95:88:67:2a:98:31:e1:5d:21:47:77:10:88:bd:ef:09:0a
TCP,157.240.13.9,443,192.168.1.4,52487,2021-Nov-24 23:40:02,
TCP,157.240.13.9,443,192.168.1.4,52487,2021-Nov-24 23:40:02,17:03:03:00:14:9b:5c:1b:14:76:92:21:7a:8d:1e:c4:2b:c8:cd:a3:63:5d:68:65:04
TCP,192.168.1.4,52487,157.240.13.9,443,2021-Nov-24 23:40:02,
TCP,192.168.1.4,52552,40.77.226.250,443,2021-Nov-24 23:40:03,
TCP,40.77.226.250,443,192.168.1.4,52552,2021-Nov-24 23:40:03,
TCP,192.168.1.4,52552,40.77.226.250,443,2021-Nov-24 23:40:03,
TCP,192.168.1.4,52552,40.77.226.250,443,2021-Nov-24 23:40:03,16:03:01:02:00:01:00:01:fc:03:03:91:ba:ed:fb:39:8e:6c:a1:72:19:85:38:b5:55:18:2e:88:a3:78:50:d0:d9:f6:5f:ae:e4:4b:2d:94:ff:dd:23:20:6b:37:00:00:df:a3:16:a0:46:ca:b3:75:27:a0:14:38:9a:a8:54:63:80:bd:a8:9e:89:7b:5d:57:89:a7:7d:01:00:24:13:03:13:01:13:02:c0:2f:c0:2b:c0:30:c0:2c:cc:a9:cc:a8:c0:09:c0:13:c0:0a:c0:14:00:9c:00:9d:00:2f:00:35:00:0a:01:00:01:8f:00:00:00:1e:00:1c:00:00:19:76:6f:72:74:65:78:2e:64:61:74:61:2e:6d:69:63:72:6f:73:6f:66:74:2e:63:6f:6d:00:17:00:00:ff:01:00:01:00:00:0a:00:08:00:06:00:1d:00:17:00:18:00:0b:00:02:01:00:00:23:00:00:00:0d:00:14:00:12:04:03:08:04:04:01:05:03:08:05:05:01:08:06:06:01:02:01:00:33:00:26:00:24:00:1d:00:20:8d:68:aa:3e:83:0d:ed:ed:09:7f:c4:68:de:89:3e:17:5a:57:84:f0:98:55:64:35:1d:a7:47:f7:ee:0f:6e:2f:00:2d:00:02:01:01:00:2b:00:05:04:03:04:03:03:00:15:00:f9:00:00:00:00:00:00:00:00:00:00:00:00:00:00:00:00:00:00:00:00:00:00:00:00:00:00:00:00:00:00:00:00:00:00:00:00:00:00:00:00:00:00:00:00:00:00:00:00:00:00:00:00:00:00:00:00:00:00:00:00:00:00:00:00:00:00:00:00:00:00:00:00:00:00:00:00:00:00:00:00:00:00:00:00:00:00:00:00:00:00:00:00:00:00:00:00:00:00:00:00:00:00:00:00:00:00:00:00:00:00:00:00:00:00:00:00:00:00:00:00:00:00:00:00:00:00:00:00:00:00:00:00:00:00:00:00:00:00:00:00:00:00:00:00:00:00:00:00:00:00:00:00:00:00:00:00:00:00:00:00:00:00:00:00:00:00:00:00:00:00:00:00:00:00:00:00:00:00:00:00:00:00:00:00:00:00:00:00:00:00:00:00:00:00:00:00:00:00:00:00:00:00:00:00:00:00:00:00:00:00:00:00:00:00:00:00:00:00:00:00:00:00:00:00:00:00:00:00:00:00:00:00:00:00:00:00:00:00:00:00:00:00:00:00:00:00:00:00:00
TCP,40.77.226.250,443,192.168.1.4,52552,2021-Nov-24 23:40:04,16:03:03:0f:32:02:00:00:51:03:03:61:9e:6a:e5:03:5a:e7:a8:4b:54:01:d3:41:3f:c9:33:23:5f:61:ea:02:dc:88:fd:53:72:29:37:d6:bb:2e:15:20:e0:36:00:00:51:7e:00:d0:54:a4:6a:59:45:c1:8e:e0:d9:d2:0a:b6:88:74:74:af:e7:f6:b6:e8:bf:5a:4a:69:c0:2f:00:00:09:00:17:00:00:ff:01:00:01:00:0b:00:0d:a9:00:0d:a6:00:08:42:30:82:08:3e:30:82:06:26:a0:03:02:01:02:02:13:12:00:1b:70:0c:1a:82:82:59:9d:99:3a:bd:00:00:00:1b:70:0c:30:0d:06:09:2a:86:48:86:f7:0d:01:01:0b:05:00:30:4f:31:0b:30:09:06:03:55:04:06:13:02:55:53:31:1e:30:1c:06:03:55:04:0a:13:15:4d:69:63:72:6f:73:6f:66:74:20:43:6f:72:70:6f:72:61:74:69:6f:6e:31:20:30:1e:06:03:55:04:03:13:17:4d:69:63:72:6f:73:6f:66:74:20:52:53:41:20:54:4c:53:20:43:41:20:30:31:30:1e:17:0d:32:31:31:30:32:35:32:31:31:30:31:31:5a:17:0d:32:32:31:30:32:35:32:31:31:30:31:31:5a:30:26:31:24:30:22:06:03:55:04:03:0c:1b:2a:2e:76:6f:72:74:65:78:2e:64:61:74:61:2e:6d:69:63:72:6f:73:6f:66:74:2e:63:6f:6d:30:82:01:22:30:0d:06:09:2a:86:48:86:f7:0d:01:01:01:05:00:03:82:01:0f:00:30:82:01:0a:02:82:01:01:00:b8:a0:8d:12:a0:6c:e5:23:7d:6e:a4:03:db:58:b5:30:a7:eb:b7:45:1e:96:59:1d:a9:65:ba:3f:ac:48:1d:4f:27:27:23:03:bf:3f:19:67:1f:41:b5:e6:bf:ee:53:49:5b:50:d2:fd:08:99:30:d9:5a:3f:42:41:40:0a:db:52:ef:8a:05:98:c3:f7:8d:8e:82:87:d6:86:6b:7d:62:5f:87:d9:72:c3:fa:64:65:cb:ff:03:98:05:0b:33:0f:3a:97:fc:cf:de:9f:9b:df:97:bb:49:47:5a:dd:a0:dc:93:24:41:27:78:ba:cc:19:83:ed:aa:d7:16:22:d7:e9:1b:fe:6c:87:fb:d8:da:01:94:e9:48:9f:b7:84:48:57:80:ea:e4:c2:33:c7:c7:99:90:58:ab:f1:76:7a:72:ce:41:c2:78:a0:e5:a8:17:d5:ba:ef:28:e9:7a:ad:1e:be:33:44:da:d7:90:8a:e4:1b:43:df:eb:71:a8:9b:b5:40:eb:05:4c:45:36:94:90:4f:13:b5:28:5d:29:08:e2:25:53:ee:63:a2:4b:a3:0a:40:84:7e:45:96:7f:6f:fc:7b:c3:ed:36:bc:7b:cb:b7:d0:b2:7b:84:95:98:6f:fc:c0:7b:00:b3:f9:9f:59:e4:cc:01:e4:e7:87:bd:db:d9:e2:b1:02:03:01:00:01:a3:82:04:3a:30:82:04:36:30:82:01:81:06:0a:2b:06:01:04:01:d6:79:02:04:02:04:82:01:71:04:82:01:6d:01:6b:00:77:00:46:a5:55:eb:75:fa:91:20:30:b5:a2:89:69:f4:f3:7d:11:2c:41:74:be:fd:49:b8:85:ab:f2:fc:70:fe:6d:47:00:00:01:7c:b9:53:46:df:00:00:04:03:00:48:30:46:02:21:00:84:77:3f:ea:59:c7:f3:9e:33:b2:5d:6f:2a:79:75:70:80:2f:75:4c:89:17:8e:df:93:da:7f:79:0a:ca:54:7d:02:21:00:80:0f:11:38:2a:08:5b:d1:31:f6:85:38:80:f3:dd:28:cb:8e:0f:ca:a3:63:cd:8d:87:2c:fb:a1:66:1a:b1:39:00:77:00:41:c8:ca:b1:df:22:46:4a:10:c6:a1:3a:09:42:87:5e:4e:31:8b:1b:03:eb:eb:4b:c7:68:f0:90:62:96:06:f6:00:00:01:7c:b9:53:47:25:00:00:04:03:00:48:30:46:02:21:00:8b:f1:2c:d9:f1:d6:14:e1:4f:fa:ed:63:1f:4f:eb:9c:34:69:f9:75:e5:02:ce:36:b4:d0:59:f9:1e:25:c2:10:02:21:00:ed:44:36:7d:94:82:33:8c:99:44:a7:29:db:ab:20:b3:82:76:6f:f2:a0:b3:63:6c:2c:f5:72:27:e2:fc:8c:49:00:77:00:29:79:be:f0:9e:39:39:21:f0:56:73:9f:63:a5:77:e5:be:57:7d:9c:60:0a:f8:f9:4d:5d:26:5c:25:5d:c7:84:00:00:01:7c:b9:53:47:0f:00:00:04:03:00:48:30:46:02:21:00:9b:20:ed:33:aa:dd:b8:88:8c:61:d9:fa:41:96:29:ad:7b:8a:8e:41:06:c7:58:a0:ce:b4:28:33:14:30:08:d3:02:21:00:cd:ba:b2:ff:e0:bf:c5:55:a5:a0:8e:65:02:a7:c1:07:68:b7:f1:56:d8:9c:76:24:39:dd:e8:41:dc:f4:9d:de:30:27:06:09:2b:06:01:04:01:82:37:15:0a:04:1a:30:18:30:0a:06:08:2b:06:01:05:05:07:03:01:30:0a:06:08:2b:06:01:05:05:07:03:02:30:3e:06:09:2b:06:01:04:01:82:37:15:07:04:31:30:2f:06:27:2b:06:01:04:01:82:37:15:08:87:da:86:75:83:ee:d9:01:82:c9:85:1b:81:b5:9e:61:85:f4:eb:60:81:5d:85:86:8e:41:87:c2:98:50:02:01:64:02:01:27:30:81:87:06:08:2b:06:01:05:05:07:01:01:04:7b:30:79:30:53:06:08:2b:06:01:05:05:07:30:02:86:47:68:74:74:70:3a:2f:2f:77:77:77:2e:6d:69:63:72:6f:73:6f:66:74:2e:63:6f:6d:2f:70:6b:69:2f:6d:73:63:6f:72:70:2f:4d:69:63:72:6f:73:6f:66:74:25:32:30:52:53:41:25:32:30:54:4c:53:25:32:30:43:41:25:32:30:30:31:2e:63:72:74:30:22:06:08:2b:06:01:05:05:07:30:01:86:16:68:74:74:70:3a:2f:2f:6f:63:73:70:2e:6d:73:6f:63:73:70:2e:63:6f:6d:30:1d:06:03:55:1d:0e:04:16:04:14:2f:2a:50:25:79:e9:82:2d:36:69:7b:34:24:b1:72:5a:a2:f9:2d:9e:30:0e:06:03:55:1d:0f:01:01:ff:04:04:03:02:04:b0:30:41:06:03:55:1d:11:04:3a:30:38:82:1b:2a:2e:76:6f:72:74:65:78:2e:64:61:74:61:2e:6d:69:63:72:6f:73:6f:66:74:2e:63:6f:6d:82:19:76:6f:72:74:65:78:2e:64:61:74:61:2e:6d:69:63:72:6f:73:6f:66:74:2e:63:6f:6d:30:81:b0:06:03:55:1d:1f:04:81:a8:30:81:a5:30:81:a2:a0:81:9f:a0:81:9c:86:4d:68:74:74:70:3a:2f:2f:6d:73:63:72:6c:2e:6d:69:63:72:6f:73:6f:66:74:2e:63:6f:6d:2f:70:6b:69:2f:6d:73:63:6f:72:70:2f:63:72:6c:2f:4d:69:63:72:6f:73:6f:66:74:25:32:30:52:53:41:25:32:30:54:4c:53:25:32:30:43:41:25:32:30:30:31:2e:63:72:6c
TCP,40.77.226.250,443,192.168.1.4,52552,2021-Nov-24 23:40:04,86:4b:68:74:74:70:3a:2f:2f:63:72:6c:2e:6d:69:63:72:6f:73:6f:66:74:2e:63:6f:6d:2f:70:6b:69:2f:6d:73:63:6f:72:70:2f:63:72:6c:2f:4d:69:63:72:6f:73:6f:66:74:25:32:30:52:53:41:25:32:30:54:4c:53:25:32:30:43:41:25:32:30:30:31:2e:63:72:6c:30:57:06:03:55:1d:20:04:50:30:4e:30:42:06:09:2b:06:01:04:01:82:37:2a:01:30:35:30:33:06:08:2b:06:01:05:05:07:02:01:16:27:68:74:74:70:3a:2f:2f:77:77:77:2e:6d:69:63:72:6f:73:6f:66:74:2e:63:6f:6d:2f:70:6b:69:2f:6d:73:63:6f:72:70:2f:63:70:73:30:08:06:06:67:81:0c:01:02:01:30:1f:06:03:55:1d:23:04:18:30:16:80:14:b5:76:0c:30:11:ce:c7:92:42:4d:4c:c7:5c:2c:c8:a9:0c:e8:0b:64:30:1d:06:03:55:1d:25:04:16:30:14:06:08:2b:06:01:05:05:07:03:01:06:08:2b:06:01:05:05:07:03:02:30:0d:06:09:2a:86:48:86:f7:0d:01:01:0b:05:00:03:82:02:01:00:2a:fd:46:2d:f5:b1:70:2c:dd:4c:b3:ff:60:fa:e4:0e:41:07:01:a8:f1:1b:f6:4c:de:3f:c6:2d:d8:78:40:74:36:1f:02:0d:ab:4e:2c:ef:19:fb:b0:cf:20:30:f8:7f:ec:18:e5:41:08:10:2a:0e:be:9d:98:25:7b:3f:df:5d:a3:c4:f7:11:7c:5f:7b:31:11:52:83:68:2a:62:c2:a1:5e:f7:54:ab:63:48:dd:fd:ff:e3:f0:b0:9c:46:0c:73:31:c9:69:e0:0b:e1:5e:74:f7:9b:66:75:d1:9f:18:ee:11:28:1f:34:a4:5e:b0:f1:a8:d6:a5:5b:25:b3:72:15:85:62:60:67:ff:59:0c:f4:ef:e2:e7:21:68:17:34:49:90:84:4d:b2:f1:68:55:ff:3d:15:d0:9f:00:38:1b:d7:2d:23:b3:50:d2:a6:92:67:d0:f7:72:4a:c1:87:dd:48:53:ac:fe:6f:26:08:dd:2e:21:d7:ee:7a:ac:b1:89:06:75:bb:5b:43:de:6c:bc:35:39:4f:44:ae:cf:fb:9c:31:f2:bf:85:8d:69:d1:57:ca:20:fc:4d:3b:d1:10:9d:47:52:2f:5d:d1:2b:59:5e:7c:80:fa:86:e3:73:a5:c2:ef:5e:7c:7d:06:bf:b3:76:91:85:d9:cc:c7:ed:36:5b:9f:0d:fe:0b:e5:78:5c:c1:ea:42:70:50:f5:47:a2:8b:14:5a:8e:21:fd:29:9e:52:43:16:ec:24:0d:aa:61:6e:be:d6:df:7b:da:49:25:1c:26:dd:51:95:68:a8:ac:04:c3:e7:3b:4c:c1:bf:ff:5c:70:27:57:ed:47:db:8a:0e:93:00:bb:9a:cd:b7:0d:85:82:7d:c2:ab:d9:17:0a:27:e8:9d:89:c1:8c:34:79:ec:a9:31:02:c4:9b:c7:5f:a5:b4:62:c7:88:58:db:8d:27:d2:b0:e5:67:ee:79:e2:6a:02:42:80:04:e7:ec:63:7a:1f:77:36:1f:b3:5a:50:cb:24:19:29:40:00:1a:b2:59:83:25:13:13:77:ba:7a:1f:be:39:67:45:11:23:2c:8b:c5:31:88:a2:35:cc:96:70:da:08:a5:74:43:b5:51:cc:c3:7a:d0:cf:4b:33:4f:97:d9:a9:00:40:b0:fe:09:b7:42:4b:8b:37:6c:3b:a3:d8:da:7c:89:e6:02:ac:b4:5a:1d:5b:17:91:24:0d:5b:e1:38:a2:10:5d:d1:f9:35:d8:a1:e9:69:66:2f:0d:55:a5:2c:0e:72:82:36:03:f6:fc:88:e0:72:3d:0c:21:2d:74:2d:88:f4:cc:d1:c6:37:9b:2e:5a:74:00:49:ca:88:00:6a:00:05:5e:30:82:05:5a:30:82:04:42:a0:03:02:01:02:02:10:0f:14:96:5f:20:20:69:99:4f:d5:c7:ac:78:89:41:e2:30:0d:06:09:2a:86:48:86:f7:0d:01:01:0b:05:00:30:5a:31:0b:30:09:06:03:55:04:06:13:02:49:45:31:12:30:10:06:03:55:04:0a:13:09:42:61:6c:74:69:6d:6f:72:65:31:13:30:11:06:03:55:04:0b:13:0a:43:79:62:65:72:54:72:75:73:74:31:22:30:20:06:03:55:04:03:13:19:42:61:6c:74:69:6d:6f:72:65:20:43:79:62:65:72:54:72:75:73:74:20:52:6f:6f:74:30:1e:17:0d:32:30:30:37:32:31:32:33:30:30:30:30:5a:17:0d:32:34:31:30:30:38:30:37:30:30:30:30:5a:30:4f:31:0b:30:09:06:03:55:04:06:13:02:55:53:31:1e:30:1c:06:03:55:04:0a:13:15:4d:69:63:72:6f:73:6f:66:74:20:43:6f:72:70:6f:72:61:74:69:6f:6e:31:20:30:1e:06:03:55:04:03:13:17:4d:69:63:72:6f:73:6f:66:74:20:52:53:41:20:54:4c:53:20:43:41:20:30:31:30:82:02:22:30:0d:06:09:2a:86:48:86:f7:0d:01:01:01:05:00:03:82:02:0f:00:30:82:02:0a:02:82:02:01:00:aa:62:77:cf:9a:63:b2:06:84:f3:90:36:f4:99:f3:14:51:ab:ea:95:0a:3b:46:06:fd:11:41:1f:fe:5b:06:58:c9:38:6e:08:fc:4f:44:48:cd:3a:a4:f7:bd:1e:a2:e2:95:b8:be:51:20:c5:bf:b2:70:63:5d:78:0c:43:c0:29:cd:64:49:09:96:da:af:ce:fd:05:5f:2b:2a:91:e8:01:6e:2e:18:9b:2c:9c:d0:01:7f:69:f5:ee:3f:53:88:5c:ba:05:6c:be:22:15:67:14:82:f2:2c:d2:be:5b:63:37:cc:af:60:85:e8:96:6b:6b:80:08:a8:6e:be:00:9c:6b:95:70:fc:e4:18:12:b1:1d:1b:b2:c1:13:31:67:33:34:e6:25:c9:62:5b:58:82:75:76:f2:fe:f2:3f:3b:16:df:aa:42:83:e3:32:6d:9b:8e:43:26:f0:bd:0e:1f:a1:a7:3a:af:2c:c8:8a:e6:ea:3f:f9:a5:d2:25:8f:92:aa:1a:08:12:9c:fe:ac:4a:c7:c3:eb:80:94:ab:87:16:d1:23:49:e7:a4:bb:c7:91:df:e6:79:34:3f:41:4a:a7:3a:26:d2:ea:6f:46:e3:38:73:e6:e5:d4:91:ae:0b:78:9e:78:a5:ef:96:e3:73:d8:f7:95:65:e9:05:bf:4f:5c:ff:52:a7:f9:cf:08:af:a7:4d:09:99:c0:71:a3:52:7a:a5:3b:d7:9b:01:54:03:e3:b6:62:b0:5a:27:9c:30:26:8e:b6:4d:56:a1:17:17:7a:7b:95:a1:07:ac:53:31:b6:d6:2e:0f:cd:41:74:ec:f1:01:b2:fd:45:bf:fc:31:e1:46:42:31:36:43:1e:b9:aa:05:5f:84:7f:91:b1:8b:ae:0f:d7:54:c3:fd:f0:64:08:6a:d3:9c:8e:ea:79:34:ec:03:3d:73:e0:1b:36:d4:68:11:c7:59:70:b0:87:7c:c0:dc:6e:45:ca:36:ce:43:26:77:02:a9:70:0d:e8:b8:57:54:44:42:c3:fb:ac:1b:63:26:08:c2:d2:23:1f:7f:93:0b:7c:6f:08:54
TCP,40.77.226.250,443,192.168.1.4,52552,2021-Nov-24 23:40:04,9a:2b:4e:5d:ce:9f:a5:3e:d2:98:5b:d1:02:db:f1:83:ce:30:52:48:38:63:f1:b1:fb:ed:23:d3:3e:92:b5:27:8d:d0:42:73:d7:9d:23:68:71:ba:59:5e:07:52:a6:96:4d:bf:7c:4e:6f:74:22:05:c0:53:80:16:d8:60:4e:97:31:4f:89:4e:48:63:d8:ed:f9:e5:c2:d9:0e:b2:0b:f6:69:4c:bd:4b:01:c9:cb:dd:06:bf:3a:02:eb:1c:dd:30:8b:0d:4a:14:60:f9:d5:64:4f:43:44:a1:ed:02:03:01:00:01:a3:82:01:25:30:82:01:21:30:1d:06:03:55:1d:0e:04:16:04:14:b5:76:0c:30:11:ce:c7:92:42:4d:4c:c7:5c:2c:c8:a9:0c:e8:0b:64:30:1f:06:03:55:1d:23:04:18:30:16:80:14:e5:9d:59:30:82:47:58:cc:ac:fa:08:54:36:86:7b:3a:b5:04:4d:f0:30:0e:06:03:55:1d:0f:01:01:ff:04:04:03:02:01:86:30:1d:06:03:55:1d:25:04:16:30:14:06:08:2b:06:01:05:05:07:03:01:06:08:2b:06:01:05:05:07:03:02:30:12:06:03:55:1d:13:01:01:ff:04:08:30:06:01:01:ff:02:01:00:30:34:06:08:2b:06:01:05:05:07:01:01:04:28:30:26:30:24:06:08:2b:06:01:05:05:07:30:01:86:18:68:74:74:70:3a:2f:2f:6f:63:73:70:2e:64:69:67:69:63:65:72:74:2e:63:6f:6d:30:3a:06:03:55:1d:1f:04:33:30:31:30:2f:a0:2d:a0:2b:86:29:68:74:74:70:3a:2f:2f:63:72:6c:33:2e:64:69:67:69:63:65:72:74:2e:63:6f:6d:2f:4f:6d:6e:69:72:6f:6f:74:32:30:32:35:2e:63:72:6c:30:2a:06:03:55:1d:20:04:23:30:21:30:08:06:06:67:81:0c:01:02:01:30:08:06:06:67:81:0c:01:02:02:30:0b:06:09:2b:06:01:04:01:82:37:2a:01:30:0d:06:09:2a:86:48:86:f7:0d:01:01:0b:05:00:03:82:01:01:00:9f:2b:be:92:67:5b:da:7b:8a:ad:e8:ff:9d:4d:05:0e:ed:b6:0d:15:41:d1:e6:15:dc:03:60:f9:f4:22:56:9c:48:f9:9d:ae:da:2b:3c:a8:c0:ab:d0:ba:95:b8:c8:c1:fd:7c:63:71:b6:c8:7a:88:9b:30:46:a3:8e:7d:96:02:e3:f8:22:04:ef:e0:36:c0:6f:c2:bf:2e:0d:6e:ed:d6:76:28:0d:81:87:3e:9b:e7:a7:10:8c:da:66:1f:40:51:ea:e7:be:bf:4e:67:98:bb:54:59:63:6f:42:e3:0f:31:60:19:64:00:0f:26:0c:97:d1:84:c0:a6:7a:19:3b:70:de:45:26:dc:96:46:3d:9c:66:3f:e1:3a:82:38:e5:36:03:04:28:57:a4:e9:4b:64:a2:18:88:6d:60:89:8d:7a:be:10:91:8b:ac:e6:3f:31:30:bf:eb:64:d7:9e:8d:e9:c1:92:56:6e:38:8d:34:3f:ae:cd:6c:6b:42:52:62:3c:d4:69:89:e0:a0:57:59:0b:83:9f:c6:72:24:42:f5:08:03:84:ce:16:63:f3:34:f1:05:76:37:19:b2:06:de:13:3e:13:70:61:d3:04:f2:b8:47:6f:05:e3:8a:88:30:2b:47:45:5e:79:54:c5:f9:dd:eb:fa:3f:78:51:75:d2:5b:0c:00:01:28:03:00:1d:20:27:d8:b5:e0:34:e6:4e:dc:1e:92:41:4b:c5:45:63:42:e7:87:9c:30:2f:e1:62:ab:00:9f:d5:b6:6d:4b:81:31:04:01:01:00:75:64:92:66:d9:3d:8d:09:25:4b:b7:72:75:0b:82:aa:81:fb:c4:40:16:b1:92:fb:53:2f:95:38:a1:f6:e5:4a:69:05:51:22:27:ff:9e:01:b1:e0:f4:86:86:4e:2f:6c:23:a8:c5:42:b5:3c:25:bc:d1:29:b0:0b:f1:e9:15:34:0d:45:d6:00:23:29:9d:31:38:0c:92:9e:e0:e4:b2:66:dd:ce:f0:ed:df:9b:41:64:ff:9f:ca:4c:87:36:ed:ca:f4:ab:e0:b9:9a:ec:f1:71:f3:01:5c:1b:96:39:80:6c:d2:24:50:09:42:0a:39:24:b8:50:af:a9:c2:18:c4:a3:2e:9f:6b:d9:8d:b3:10:11:67:00:3c:be:24:0a:af:30:0b:18:a2:5e:9d:00:48:aa:94:38:d2:8b:58:41:66:b8:c1:80:c3:ac:7f:da:67:c1:54:86:f7:e4:a1:0c:60:3a:26:18:05:8e:b1:6e:bc:6b:c4:c6:90:ef:bd:69:75:97:19:a0:43:7c:e6:3e:1c:a5:ac:8f:95:94:89:83:92:13:7e:ce:2a:f2:a7:37:d6:f8:9d:f8:0d:07:94:1b:a9:b8:92:6d:32:d8:92:be:56:d8:7a:67:27:c9:12:89:00:ca:84:6c:fe:27:85:41:63:1c:07:bf:71:03:9f:07:14:dd:0e:00:00:00
TCP,192.168.1.4,52552,40.77.226.250,443,2021-Nov-24 23:40:04,
TCP,192.168.1.4,52552,40.77.226.250,443,2021-Nov-24 23:40:04,16:03:03:00:25:10:00:00:21:20:02:db:e7:67:3b:dd:de:f5:28:4f:24:24:46:2d:a4:92:73:de:eb:e2:f3:26:f6:b0:25:ca:59:3d:4c:9a:55:46:14:03:03:00:01:01:16:03:03:00:28:00:00:00:00:00:00:00:00:62:da:9f:bc:45:7c:49:3a:9d:9e:0c:8b:69:a8:ed:f8:9d:32:45:a4:5c:45:6c:49:d0:75:7a:27:b3:69:ce:df
TCP,40.77.226.250,443,192.168.1.4,52552,2021-Nov-24 23:40:04,14:03:03:00:01:01:16:03:03:00:28:00:00:00:00:00:00:00:00:76:9b:5e:00:ae:bc:14:67:9e:f1:35:78:e2:1b:f2:73:3c:da:7d:ce:25:15:b8:94:4b:28:c4:99:d3:7a:aa:69
TCP,192.168.1.4,52552,40.77.226.250,443,2021-Nov-24 23:40:04,17:03:03:05:7b:00:00:00:00:00:00:00:01:21:7a:e3:8b:4f:bf:20:13:c1:08:c8:56:55:65:2c:bb:b1:a2:a5:70:79:d8:0f:3c:f0:c5:e7:f0:09:b8:b7:56:e4:e9:10:1e:49:e6:d6:7e:24:14:4f:b5:d8:6c:d3:2c:d9:eb:35:1b:74:fa:34:b6:38:68:7b:b7:93:75:1b:fc:3b:63:b8:51:18:b7:6f:ff:e9:ba:ad:17:3d:17:dd:2a:78:ac:f6:df:ab:06:48:33:f5:48:1f:b0:2b:a2:89:fd:16:57:a3:6a:4b:85:e3:23:dc:80:d5:0c:5c:1f:2d:c0:5d:86:d7:99:31:af:da:3c:14:f6:ef:84:34:4b:cf:9c:be:f3:a3:5b:03:62:8e:e2:f7:7c:7d:a2:43:2c:04:55:b7:58:12:b8:8f:41:62:d3:5b:49:62:87:ae:9b:0a:dc:61:2e:21:7a:1f:4c:7f:6b:40:71:7a:1b:c3:d4:e5:3b:c5:6c:31:9f:d7:b4:ca:b1:98:cf:63:2f:ab:cf:2b:93:23:e4:78:c1:67:c0:33:b6:36:52:3c:55:26:6a:d3:a5:90:36:12:a5:3e:3b:69:b8:f0:a7:a6:eb:0d:7e:ab:a4:25:e4:1c:f1:1c:0d:29:bc:fa:67:3c:ff:37:26:bd:ee:2c:a6:cb:5e:b8:d3:c0:70:79:25:95:9b:5d:58:ca:1a:d9:f4:2a:03:6c:b1:27:1b:9e:9b:0c:02:8b:23:75:b2:35:9a:09:a8:f2:8e:a6:9b:14:6b:99:94:99:3b:fa:d9:ad:73:d7:e4:ff:07:80:89:1b:fb:3d:0c:24:d3:f2:0f:5a:c3:b0:45:33:ed:8a:12:f8:9f:68:ca:0b:41:bc:3e:9e:50:99:86:20:cf:f8:f5:21:41:b6:f1:2d:8c:4f:0c:e5:83:2e:32:ac:db:94:ee:9a:90:82:74:e9:0e:7e:01:a7:40:11:17:1b:da:f3:3d:6c:77:7e:a4:2f:54:fd:e4:0b:05:f7:22:ca:2b:65:51:9f:73:e3:75:6e:83:fb:ab:c2:10:c6:42:56:9f:91:70:e4:22:07:15:75:65:21:72:65:b7:d6:ec:fa:f3:86:61:42:ab:5b:01:61:d6:87:bb:f2:e2:19:83:a7:07:40:7f:a6:61:b9:71:06:98:da:4d:fe:a9:a7:2b:99:fc:d7:d7:bc:56:c6:43:a7:68:3c:4b:30:dd:f8:da:21:47:f0:aa:20:86:4a:7b:47:f6:eb:9d:df:d0:61:0d:6a:03:ac:3e:e5:59:af:11:91:9a:fd:3b:ac:0c:03:f7:03:0c:f6:0c:ff:94:34:d0:af:91:21:99:b2:c7:6a:d2:82:bb:52:f8:46:bf:33:ae:31:56:69:10:0b:87:da:9f:4d:c8:78:bd:33:24:06:fb:a6:6d:46:78:c7:37:60:f4:11:53:ef:96:7a:31:ab:33:50:4f:af:ef:41:9d:7a:5f:56:29:2a:fb:44:96:eb:59:97:61:e3:a3:4e:dd:d3:d1:a3:68:08:c6:1f:3d:47:4c:5b:3c:a2:f5:c7:5e:8d:44:45:3e:d7:bc:76:7c:e6:5b:ac:d9:ec:7a:ea:c5:9f:89:3f:f9:8b:96:c2:76:b3:e5:02:96:e3:5d:52:6b:c3:16:8d:13:d0:ea:5c:7f:ce:e8:4b:93:54:ad:94:30:22:87:c1:a3:2c:7f:09:3a:db:df:49:17:f1:99:d0:06:d9:c5:7b:84:ac:05:b6:ef:00:e5:12:51:48:9a:c5:2f:6d:ec:af:86:7f:8c:57:9b:88:6a:9b:af:5c:92:58:a4:f2:50:a2:73:55:9f:11:e7:06:c3:9d:fa:9e:64:e9:75:bd:9b:96:07:90:67:cc:6e:cd:96:d1:61:a9:a7:71:78:53:2e:f0:9a:9b:80:58:d0:50:38:df:de:e2:eb:a8:c8:11:0a:0a:88:dc:b2:31:b8:60:2c:91:4e:17:e9:6c:60:44:3b:e9:58:50:e3:10:fd:99:3a:cb:ba:e3:fa:69:40:6d:27:f7:4b:87:bf:a7:8b:df:df:ec:fa:1a:41:e1:a0:7b:f2:66:0a:9f:bc:82:78:ee:20:7f:6f:c4:5e:59:36:c6:84:ff:15:df:d0:fa:8b:30:ec:a0:e8:a2:fa:9e:22:e9:53:0f:30:66:7c:88:51:e1:6d:c8:79:cb:fd:8b:6a:80:9e:9d:87:5f:6f:2e:da:76:06:92:20:62:78:ac:2b:55:f3:e0:49:74:44:38:7a:f2:bf:e3:e6:37:c0:3b:e9:18:48:f7:ee:39:9a:7e:c7:d2:80:cd:62:02:9f:99:19:92:5c:b6:a2:fd:dd:7e:f0:52:22:2c:76:5b:2b:98:f2:16:3c:16:46:ef:1c:57:c3:7e:a7:5f:b6:c4:f0:3f:26:fc:eb:81:b9:bf:7d:ea:74:ba:d8:18:ed:eb:e6:08:04:a4:3c:e6:4b:ac:d0:b4:f2:98:87:bb:52:54:1d:ec:e7:0b:a6:70:26:e4:79:fd:34:5f:56:42:a4:87:ba:cb:07:83:9a:5c:13:67:31:7f:d3:9d:2e:e5:8e:34:53:85:7d:90:52:69:72:5c:33:ac:6e:0b:66:56:06:8f:e5:35:2e:d8:0b:16:b1:5e:d8:a6:7f:23:df:85:f7:3f:1a:32:e0:36:f3:39:a2:bb:41:ab:f4:e9:32:49:a0:95:cf:9f:8a:d1:6d:5f:ab:7f:29:b6:b3:55:08:0b:f1:0a:87:1c:1e:95:6f:e1:1f:d2:01:7a:12:fa:79:7b:83:de:94:68:3b:a4:43:db:00:a9:45:1f:86:d9:da:48:1d:6e:83:b2:4b:69:ba:3f:17:aa:82:aa:86:9f:e7:8a:7d:a0:67:94:bb:00:f4:00:d4:63:37:7d:f1:2b:03:0b:ff:2d:27:8d:b2:0f:2a:6e:e3:a1:5e:8f:e9:17:91:7e:2c:a7:15:af:eb:7d:b0:f8:2f:8c:d9:61:26:3b:bb:ff:c8:7f:f9:52:51:20:f3:f9:d1:94:3c:b7:c5:dd:af:c5:f6:0b:01:e4:02:7e:ac:c3:49:c8:cb:aa:50:00:21:12:6f:18:47:64:ac:00:9e:80:f1:fc:fd:ba:3c:61:b2:b9:1b:42:bb:72:fc:ac:25:be:b0:fe:bd:2c:ad:f1:9a:08:3b:93:0c:90:ea:0e:9e:9a:3c:f8:92:be:16:5f:cf:ca:f7:7d:b5:ea:04:f9:e5:98:4e:35:9f:6f:48:a7:dd:6f:6e:c2:42:b3:2c:1c:4b:9c:87:5b:0f:57:a7:a6:19:e4:01:13:2d:eb:e2:71:93:0f:8c:9a:c4:42:8f:88:0d:e9:f7:de:e6:93:4f:15:64:bf:2b:70:8d:ba:ad:3d:a9:c2:94:9a:66:dc:44:8c:8c:ed:33:e4:bc:1d:03:28:a3:3e:a2:21:80:53:7a:a5:28:c2:e1:30:37:47:c0:ad:2c:20:ef:8a:31:34:0f:54:3e:d1:61:55:9c:0c:b8:69:4a:38:0e:ad:22:94:d3:c8:7c:28:e1:d7:1e:a8:66:8b:70:78:77:0b:55:c5:e6:60:75:76:c5:3e:58:e5:bf:cd:3f:5e:16:e7:77:ba:ff:52:f6:f3:ba:7e:51:5d:ce:c3:a3:92:04:2a:23:31:91:2f:73:00:64:d9:78:94:9c:de:44:8a:82:40:e6:1b:05:0a:e4:8f:94:32:ba:99:f5:eb:a2:c9:ab:70:f9:ec:4d:d5
TCP,192.168.1.4,52435,157.240.13.9,443,2021-Nov-24 23:40:04,17:03:03:00:18:5c:bf:c1:12:6c:42:4a:e1:a3:ca:19:95:12:5b:4e:15:a4:69:65:f0:75:c2:fc:59
TCP,192.168.1.4,52443,157.240.13.9,443,2021-Nov-24 23:40:04,17:03:03:00:18:b9:53:e2:a7:af:d8:9d:10:3d:ab:c0:7b:1c:ae:7d:f0:cb:4a:6b:e2:aa:72:af:73
TCP,40.77.226.250,443,192.168.1.4,52552,2021-Nov-24 23:40:04,17:03:03:01:35:00:00:00:00:00:00:00:01:23:c4:bd:f3:30:ac:9b:5c:4c:62:20:04:6a:73:04:10:74:fb:7c:f8:9e:50:bb:a3:8d:38:6b:ba:6d:95:de:ca:76:56:b9:64:09:13:07:24:ff:6f:79:ae:61:60:e9:c7:c6:57:ca:5d:da:fc:bb:0e:1b:95:11:f8:d5:3b:ca:3f:b9:a2:23:aa:09:d3:ff:77:cc:07:cc:f7:de:ea:9d:63:51:20:96:11:2c:0e:8c:bd:75:e1:da:36:b1:2b:12:33:c8:ac:91:02:f0:d3:1d:39:dc:a5:1b:d9:2d:bb:ac:62:f2:9e:00:7b:07:dc:c4:86:e6:f5:5c:d7:ce:82:7e:34:0f:f8:a7:e7:04:7e:20:ca:08:c2:41:72:91:57:52:c9:aa:93:76:0a:2a:1a:b0:3a:46:6a:53:a8:e3:78:85:f4:77:cb:20:2d:6c:b7:6c:93:e5:e6:27:4e:55:7d:97:f9:11:61:5a:02:f7:01:89:6d:75:8c:6e:a7:48:2b:60:14:1d:e8:c2:0c:f3:33:8c:f9:bb:da:0b:09:4f:56:34:a2:ff:01:0f:2b:82:47:fe:04:fa:8e:69:d6:06:67:43:11:c1:af:b2:c1:9e:eb:92:eb:4c:5c:23:46:23:49:04:ba:63:8a:d2:b7:83:91:60:b8:e2:50:22:03:08:54:84:6d:24:7e:10:8d:0e:fe:ad:49:f5:4c:36:94:80:ac:81:dd:d2:2a:6b:7a:70:be:e3:af:ed:6f:38:43:68:48:e5:eb:22:6f:bb:ca:6e:fe:ed:e0:85:c2:ad:86:7f
TCP,192.168.1.4,52552,40.77.226.250,443,2021-Nov-24 23:40:04,
TCP,192.168.1.4,52552,40.77.226.250,443,2021-Nov-24 23:40:04,
TCP,192.168.1.4,52552,40.77.226.250,443,2021-Nov-24 23:40:04,15:03:03:00:1a:00:00:00:00:00:00:00:02:41:be:04:3d:27:69:64:83:76:51:2b:c9:63:f2:e1:3e:d8:c3
TCP,157.240.13.9,443,192.168.1.4,52435,2021-Nov-24 23:40:04,
TCP,157.240.13.9,443,192.168.1.4,52443,2021-Nov-24 23:40:04,
TCP,40.77.226.250,443,192.168.1.4,52552,2021-Nov-24 23:40:04,
TCP,192.168.1.4,64600,20.40.207.13,443,2021-Nov-24 23:40:04,17:03:03:00:40:df:30:32:f1:47:5c:9d:b5:c0:b3:54:bd:d1:87:b2:f7:79:14:a2:2d:69:67:e4:87:8c:3e:fe:52:ba:53:f7:9d:d0:e3:06:df:ee:47:99:be:28:a9:db:53:92:65:3c:68:12:b4:37:be:e7:9d:86:2a:42:d7:f6:a9:f6:60:a6:0c
TCP,157.240.13.9,443,192.168.1.4,52435,2021-Nov-24 23:40:04,17:03:03:00:14:41:25:a1:8a:6c:21:45:34:c9:f3:41:7d:63:91:d6:1f:fa:a3:df:59
TCP,157.240.13.9,443,192.168.1.4,52443,2021-Nov-24 23:40:04,17:03:03:00:14:e4:4a:a8:bd:17:09:94:b9:02:02:d5:db:bf:e3:02:32:dd:2b:e7:d9
TCP,192.168.1.4,52435,157.240.13.9,443,2021-Nov-24 23:40:04,
TCP,192.168.1.4,52443,157.240.13.9,443,2021-Nov-24 23:40:04,
TCP,20.40.207.13,443,192.168.1.4,64600,2021-Nov-24 23:40:04,
TCP,192.168.1.4,52438,157.240.13.9,443,2021-Nov-24 23:40:05,17:03:03:00:18:5d:ae:91:db:14:57:02:d8:90:04:1a:80:30:57:1a:87:3d:90:6c:01:01:c2:c0:de
TCP,157.240.13.9,443,192.168.1.4,52438,2021-Nov-24 23:40:05,
TCP,157.240.13.9,443,192.168.1.4,52438,2021-Nov-24 23:40:05,17:03:03:00:14:e3:0b:c7:34:5c:89:4c:15:e6:c1:4e:fb:c8:7b:fd:4d:96:3a:c7:52
TCP,192.168.1.4,52438,157.240.13.9,443,2021-Nov-24 23:40:05,
TCP,192.168.1.4,52554,157.240.13.9,443,2021-Nov-24 23:40:07,
TCP,157.240.13.9,443,192.168.1.4,52554,2021-Nov-24 23:40:07,
TCP,192.168.1.4,52554,157.240.13.9,443,2021-Nov-24 23:40:07,
TCP,192.168.1.4,52445,157.240.13.9,443,2021-Nov-24 23:40:07,17:03:03:06:af:5f:ad:16:03:e5:b2:04:e7:33:b4:36:a7:d6:76:74:72:6c:64:af:c0:01:6f:9e:8b:50:91:a2:6e:e5:fd:41:80:2b:2e:91:af:05:16:83:c0:29:d6:bf:18:44:df:a0:f1:a0:90:17:5f:46:90:f6:62:c6:41:52:56:37:4f:09:bd:47:7c:57:5b:fb:6a:65:19:4e:b5:d9:f5:a0:ae:5f:ec:6e:00:f5:75:f7:f3:af:81:f6:1e:72:31:ad:1c:3c:32:5d:2f:d5:d0:c5:9f:f9:32:b6:78:b8:65:d4:cd:90:b0:38:71:69:b8:e9:d3:11:41:ee:1e:77:15:8f:42:b4:85:e2:9c:95:11:59:8d:a6:6b:6a:0a:5a:8c:fd:48:14:48:8f:2a:20:a2:27:fa:de:a3:2c:13:f2:ac:3a:29:45:5b:03:cb:f5:52:21:b8:4b:be:a9:09:cc:8d:e4:1f:c5:19:3b:7c:e1:d4:da:f8:fe:57:0e:7b:a1:84:9f:86:dd:96:45:79:e8:b6:78:f8:ec:c9:b5:70:4b:69:10:99:5c:38:12:cb:d6:ef:d1:78:ad:cf:f2:29:ad:8c:ae:1d:bf:60:01:f4:5f:fb:49:38:26:70:93:cc:c6:be:96:a3:5b:db:ae:17:63:02:7a:17:e7:c1:13:02:8d:cf:57:2b:a9:62:42:73:52:ad:78:40:7d:ba:0c:65:43:69:e6:d7:71:11:3c:2a:bc:3b:f5:37:e6:09:48:24:29:1b:f6:a5:0a:54:2d:d0:80:56:59:de:2a:57:f1:14:87:b8:bd:09:34:06:e5:4d:19:63:57:d4:e2:71:91:3c:a8:99:87:34:3f:f2:95:ad:91:6f:14:cb:c2:32:73:27:ae:d3:ab:65:c2:dc:5d:c1:1f:be:d7:47:04:84:2a:f4:c0:67:52:96:cb:55:65:62:1b:d4:c7:36:a8:9f:1e:50:31:03:d5:46:b3:ce:9f:90:04:27:56:87:5c:44:31:d3:55:7c:b1:e7:37:6a:eb:57:af:f9:f5:33:e4:72:17:d7:9b:2a:ab:73:e2:dd:25:5a:b9:31:88:45:e1:2d:c6:52:12:5b:31:b9:72:5d:1d:51:80:a4:11:2b:a9:e8:8e:45:e6:d0:9f:9a:6f:dd:2d:d7:95:68:e1:76:31:eb:59:d8:74:11:3c:ec:98:88:c5:11:d4:b9:4e:fb:8f:b5:a1:04:d9:d4:5b:9b:39:07:a7:1b:ff:28:19:48:34:08:2c:b5:1c:3a:3e:bc:bd:06:98:f9:b6:76:ef:64:15:d5:97:f7:50:9c:2c:e7:56:2d:c8:64:ce:51:47:a6:7f:dc:8a:60:a2:ab:83:16:0f:da:d7:7e:5c:66:f7:db:58:02:62:9a:7d:f6:fa:c9:45:16:c1:e8:8d:bd:4b:9e:f5:0b:d8:74:41:54:0d:0b:c1:9f:c7:9c:aa:f2:42:f7:32:cb:43:86:3d:a6:23:cd:57:24:e0:60:f8:71:a6:4e:19:a2:f8:bb:3f:8b:32:98:94:4f:fd:1f:ee:09:e2:02:3f:55:c1:fb:5b:ff:ef:40:7d:40:50:ae:be:30:1f:30:07:49:ab:36:ac:e3:de:41:02:19:a2:b8:de:b3:3e:88:56:00:6b:e7:35:61:9b:b2:7a:6d:22:4d:a8:28:b5:cb:e5:a4:2d:4e:25:82:9d:13:5d:87:44:9f:90:b6:38:22:45:54:a8:66:08:44:c0:64:12:70:b7:09:db:24:cc:d4:9b:6c:28:c2:f6:b3:73:a4:d5:d3:4e:28:0b:56:9a:7b:97:00:9e:85:ce:0a:c4:fc:d9:e8:17:d8:bf:0e:40:2f:28:31:3c:11:67:71:80:01:0e:e6:39:49:9f:86:13:7b:97:8f:b5:3e:8e:fa:95:cb:00:19:79:77:88:22:ba:df:c6:08:27:45:10:7e:e6:a0:3e:f6:43:6e:24:73:06:00:46:12:c1:82:ef:1b:73:d7:61:da:9b:a8:95:ae:36:46:97:4c:6f:cb:1a:7f:55:90:83:e2:d4:3a:63:f0:6a:c1:5e:84:05:ec:79:2b:52:11:06:ef:77:32:8e:13:41:43:c2:67:41:d6:ee:5e:67:5b:4c:90:01:1b:e3:d5:06:bd:7a:e3:03:60:39:55:c8:1c:58:11:77:3f:ba:41:77:9a:cd:42:2c:d3:a2:1f:59:3b:9f:74:aa:2b:cf:17:58:9d:1e:6a:b7:72:c7:2b:d7:09:7f:c9:7f:3e:16:ce:99:5e:c3:3f:cd:26:3b:ce:8d:e4:3e:79:c0:0c:cb:ea:70:46:aa:59:a8:d9:c8:2f:5d:b6:cd:75:5e:3b:42:69:06:80:bf:a8:3b:fd:3a:2a:de:71:47:2b:d2:67:a4:d5:5c:fa:ed:7e:5c:bd:5f:cd:db:63:ed:8d:4c:71:7e:f9:0a:a6:01:bc:34:4d:d1:fd:c7:01:79:6c:c6:5a:17:42:38:c5:5f:8b:c3:ad:1a:cb:c8:0b:db:ab:03:d4:00:38:28:f1:d8:b9:11:90:ce:0b:de:84:3c:e4:9e:82:84:dc:ef:c1:4d:08:de:70:ca:20:2d:93:40:c9:67:aa:45:5b:5a:eb:c0:e0:b8:f8:eb:e7:b9:e8:76:bb:ac:6f:14:dd:e6:75:17:a3:61:a0:6d:d0:18:25:d0:ea:a6:c7:59:b1:ce:9b:d5:93:d5:b7:4f:86:92:5e:6e:70:76:1f:8b:55:22:9d:fb:20:ed:67:46:a5:31:cb:e0:01:56:56:7e:bc:b9:16:a7:45:39:b0:1f:ea:5d:20:09:d5:df:a3:d9:f7:e8:0d:25:a5:03:ef:68:42:c4:c6:e0:70:20:79:79:62:19:1f:37:aa:8d:8c:62:9b:8b:88:81:1f:08:44:a9:5d:64:dd:a0:3b:23:86:e0:8d:b1:9a:3c:da:09:0c:eb:13:6d:95:06:24:ca:73:d7:8b:33:60:84:27:16:63:e4:e5:72:91:89:3b:a8:d2:ef:29:43:1f:67:29:d2:bf:53:a5:37:e6:76:46:6e:84:05:ae:98:f9:17:15:eb:3f:12:55:b4:cb:2b:35:7e:8f:f4:56:17:de:4c:db:13:ff:14:a6:67:85:d1:7f:86:be:65:b3:76:73:56:57:cd:e7:98:aa:23:9f:f6:9c:c5:0a:df:2e:cf:85:ad:1c:fa:c6:0e:9d:20:b5:fc:71:28:1d:eb:28:71:0a:cf:60:a3:64:7f:06:69:0a:36:9a:de:b6:07:81:cd:57:76:57:48:94:f3:86:79:73:4b:ef:ea:ab:04:e9:56:8e:3c:6b:eb:cd:26:e6:8b:c7:9a:90:68:9b:38:f1:6d:5f:eb:be:f3:4d:43:54:49:88:90:ec:c4:69:e2:85:eb:47:ca:78:7e:5c:c3:45:45:3e:9b:47:57:73:62:96:ee:bb:d1:94:4a:11:fa:2b:8d:a3:52:31:3e:b0:cb:43:e5:62:9d:39:3c:9c:5d:f0:b3:c2:a2:df:0e:7c:eb:af:af:8e:6f:79:10:22:ef:ea:9f:5c:f7:20:83:70:77:f8:e2:23:e4:0e:83:a2:94:91:5f:e0:d9:66:7f:69:9d:72:2b:fc:4b:f2:72:ca:0c:ba:53:12:7f:d4:58:8f:c1:f8:c4:a9:19:2c:55:e2:80:6b:7b:65:f8:0d:a5:bb:7e:89:16:00:c7:c4:dc:3a:5c:78:48:42:8f:fa:f5:d1:f5:58:64:bc:2c:08:6f:f7:1b:9c:e6:9b:db:5e:88:f9:44:1d:08:93:65:63:f6:b8:ab:b7:b0:3d:81:55:a2:82:2a:9e:8d:e4:bd:34:7a:eb:bd:12:3f:6f:2e:b7:c7:68:be:eb:64:df:79:88:12:c8:32:df:7f:6e:c9:21:5b:79:60:05:4d:98:9f:4c:1b:dd:03:76:30:4c:81:a9:29:46:10:4b:76:ee:97:a4:db:52:fd:31:8d:3e:1a:95:dd:06:df:b1:66:c4:43:93:9d:b9:4d:6c:72:96:3f:9e:00:02:30:41:47:e3:58:e2:a6:f0:73:ea:2e:e5:b6:63:25:eb:76:44:e6:52:1f:09:f6:da:67:cd:a9:6b:1f:3a:0d:8b:fa:00:5a:d3:7b:02:95:cb:df:22:06:a3:c6:88:8f:25:e9:00:95:ae:b1:19:c7:63:9e:0e:12:bf:5b:6e:ba:36:11:ab:0a:48:01:ee:71:00:af:58:49:e5:72:51:24:2c:63:ab:49:c9:e8:86:21:be:e6:79:66:2f:df:c9:91:52:e1:07:92:b8:d5:0b:0f:3f:d3:b1:21:90:4f:9f:56:b8:c8:73:9b:17:ac:b5:c1:3b:eb:07:66:f6:9d:f6:d5:67:a6:ba:1b:22:0b:a5:9c:36:84:b0:66:84:62:3b:8c:dd:82:ec:96:d7:e7:ef:30:31:0c:b0:4b:c7:d3:bf:9d:22:e7:8d:65:a9:71:44:ee:df:2d:95:55:6c:df:13:bf:6c:e3:58:c1:c2:75:77:8a:09:66:ea:97:8c:8d:55:93:48:d3:de:8b:0f:76
TCP,157.240.13.9,443,192.168.1.4,52445,2021-Nov-24 23:40:07,
TCP,157.240.13.9,443,192.168.1.4,52445,2021-Nov-24 23:40:07,
TCP,157.240.13.9,443,192.168.1.4,52445,2021-Nov-24 23:40:07,17:03:03:00:19:21:42:45:f9:2a:18:10:9c:91:2f:5d:d9:7a:f9:82:d9:6d:fe:b1:83:58:f2:de:5c:18
TCP,157.240.13.9,443,192.168.1.4,52445,2021-Nov-24 23:40:07,17:03:03:00:24:0c:0d:9c:67:41:3f:e9:8e:4f:07:3c:a2:47:c0:df:40:fc:86:40:5c:5a:95:bb:45:f4:95:84:65:cf:9d:16:0d:10:5c:bf:a1
TCP,192.168.1.4,52445,157.240.13.9,443,2021-Nov-24 23:40:07,
TCP,192.168.1.4,52445,157.240.13.9,443,2021-Nov-24 23:40:07,17:03:03:00:1d:2c:3f:8e:bb:d2:48:3c:0c:ca:5e:e0:76:89:20:45:c4:c5:85:6a:88:c3:f9:e1:e9:50:aa:ee:13:16
TCP,157.240.13.9,443,192.168.1.4,52445,2021-Nov-24 23:40:07,
TCP,192.168.1.4,52419,157.240.13.9,443,2021-Nov-24 23:40:07,17:03:03:00:18:d2:c7:1b:f6:64:e3:02:d8:d2:a6:10:65:19:18:ff:8c:df:0f:a2:1c:54:69:b7:82
TCP,157.240.13.9,443,192.168.1.4,52419,2021-Nov-24 23:40:08,
TCP,157.240.13.9,443,192.168.1.4,52419,2021-Nov-24 23:40:08,17:03:03:00:14:1c:cd:98:8c:e7:a0:39:f1:f3:6e:5d:70:4c:01:97:bd:ce:bb:89:92
TCP,192.168.1.4,52419,157.240.13.9,443,2021-Nov-24 23:40:08,
TCP,192.168.1.4,52492,157.240.13.9,443,2021-Nov-24 23:40:08,17:03:03:00:18:7a:aa:67:61:5e:7b:1f:af:3a:ba:1d:c3:13:d0:14:65:bf:f6:e8:a6:bd:e1:0f:d0
TCP,157.240.13.9,443,192.168.1.4,52492,2021-Nov-24 23:40:09,
TCP,157.240.13.9,443,192.168.1.4,52492,2021-Nov-24 23:40:09,17:03:03:00:14:72:9a:dc:9d:9e:1f:2c:41:ee:43:0c:cd:a0:4e:a5:8a:53:23:d8:55
TCP,192.168.1.4,52492,157.240.13.9,443,2021-Nov-24 23:40:09,
